{
  "cgra_iob_num_sides" : 2,
  "cgra_gpe_max_delay" : 4,
  "cgra_exe_lg_max_execute_cycles" : 16,
  "cgra_iob_sram_add_reg" : false,
  "cgra_iob_sram_addr_width" : 12,
  "cgra_num_rows" : 6,
  "cgra_exe_lg_max_loop_cycles" : 10,
  "cgra_iob_mode" : 0,
  "cgra_data_width" : 32,
  "cgra_gib_connect_flexibility" : {
    "num_otrack_per_opin" : 2,
    "num_itrack_per_ipin" : 2,
    "num_ipin_per_opin" : 4
  },
  "operation_set_filename" : "operations.json",
  "cgra_cfg_data_width" : 32,
  "dumpOperationSet" : true,
  "cgra_cfg_addr_width" : 10,
  "cgra_cfg_sram_data_width" : 64,
  "cgra_gib_track_reged_mode" : 1,
  "cgra_cfg_sram_add_reg" : false,
  "cgra_cfg_sram_addr_width" : 12,
  "cgra_iob_max_delay" : 4,
  "cgra_gpe_num_rf_reg" : 1,
  "cgra_exe_lg_max_ii" : 4,
  "cgra_adg_filename" : "cgra_adg.json",
  "cgra_gib_diag_iopin_connect" : true,
  "cgra_gpe_operations" : [ "PASS", "ADD", "SUB", "MUL", "AND", "OR", "XOR" ],
  "cgra_cfg_blk_offset" : 2,
  "cgra_gib_num_track" : 1,
  "dumpADG" : true,
  "cgra_cfg_addr_width_align" : 16,
  "cgra_iob_lg_max_lat" : 10,
  "cgra_num_colums" : 6,
  "cgra_iob_sram_has_mask" : false
}